aladwani13,tz1gskdSFt33K16rx5r3zPCkCWG4DX79ecFY
amanmalhotra911,tz1cEEVGgdocGzfRiJvwXYrPFFrbm2jbzAM1
Blindripper85,tz1MZiqYdUKMeR2B4ftTkRcHJG2qvD9r6o7m
BouncingDeadCat,tz1QLnbH7GEDVqbf17we7iv5V1BBB1g97d2H
Breez_Blox,tz1LoFcG51g7hmD3DbvEJqJXqgMaygQM1DcL
Breez_Blox,tz1R64qSRUiGShhRNrHK7fGWTpCHNqaxoNBn
brokentoothy,tz1eJh1QSRnir5ST2dFepqgnE23ckmQyVB9A
Crypt0nio,tz1h96wivVp6PiVGcAef3bhbdfh1GpgLLkJt
cryptemes,tz1PfTTWoSas7kdcA54qqsF776edfG6CN1iN
cryptofancool,tz1ZnD2wSFmYbbNhR7BPj8uVSM5GncpZ1Edc
Cryptovet13,tz1W3fvcXd4fUw9kJjJQiBHNhCLxvs7dE9hA
danhines09,tz1RXQYjaX7SAqod9c3YQBqinx5pc48pBwLU
DaoPredictor,tz1cz6TCVLPERc7qjmsUMsm5fvFFsMnKY8MP
DavidUlloaCuba,tz1TjAEhYb9s1mtWHuxu5DKoZsTH6J2CycZS
deadchainaddict,tz1LGoFT3qgQyH7MJDRrbHMA6c2X764JizXC
deadchainaddict,tz1Sc51L7rspFKXD5hWpYEp82xHiKcZkypir
GORFL14,tz1b5MZo1TPK26tmRAxiDbhG7vymmyJPhyo9
GranCube,tz1igv9KUswps7o7KrSudDkNTmsN5eqq19gW
hello_carmello,tz1LiUEGXdDc8VS4gdGSmNeZsCuqzVLKvmHu
hello_carmello,tz1REq57Xjjo99eFLd94yQWWA5LGw8JmtMG4
historicalive,tz1huSwPPrnpX7ba9KturYsccPnwVGHoCXsW
HTezos,tz1P2mgngBovpFaErwwJ1BXTpemEahwdBduu
incorenate,tz1MnrkxBBErsh6Z5YwCqvWHieJoXSHRnsAF
inimfonakpakwa,tz1fYauDA5uQ9RMXPMrnmBsXSCLwKveycuzo
Jafarlemagicien,tz1SKMjs4e9v94PACesV5eogoJ9PmRWc2SFt
jagracar,tz1i19Aa9X95HkTLbcVckCyv9ZGwLu31yzBJ
jaiyalas,tz1cgsHvWjaNnA5B3nAe82UKPtdRuMmY6otJ
k0m4t,tz1hoEuzAA1ivDHiarQDURSLQZDaFfDmaN8Q
KMehrabi,tz1d473kD8ctsHnJVtmoLAGW1wBZzYzMuU7n
Komie_Silas,tz1QDg6ao8vqCcF6ZS5CsJf1wPXcZgkik3dh
l939l_tez,tz1grwXzjvBAdrSo1ZQeqAjgL7gGXJ3KE8TY
LeOldTez,tz1cTPvyNxvJLN7DG5S8rTzCrT6Gq979SjNB
libertez_baker,tz1e3iNAQzHpQWbv2s3hshQGbrVjw8bWWA6Y
libertez_baker,tz1hRnRhruhmzDrwbqthqUG8zsAHwwtcfzYQ
mahesh_154,tz1aPcRswiYq28Nbax487TKc2QYuteBNv8m8
mahesh_154,tz1V9nLcFaxhvZcTX5CWMpeyhXKPeWfXMZmS
MalviyaOp,tz1YDLXeLDAhNefC2T5CNVPU3dU8X2Bx1YNL
Mandatezos,tz1XiqdAr9xABUThq6uH7Sb2hBovv42GA3fi
Mandatezos,tz1YhwPDetJWHqroMyXvKBNzaReVurawyzGv
memforget,tz1VSohyixugfMV9QwoDYczoc8LFPiDaWraV
moneyevery3days,tz1RaojDqNztpzuYt2LjCh8tNGmyryCmUUSt
mooon640,tz1W1hGg2wjR7NQEqwV1Q9uXJ2FppuTsSNKg
NeoktaLabs,tz1Vo4C32mHXL5PctfYjbdttYji14tK8mKhK
nicolasochem,tz1btLBfFFcYLutP5yeRTi1pE5Hts5N6mWLY
one_bald_dude,tz1ZgXKTQXSdMyhZn7bmatJ74wbkFJkGLKLM
one_bald_dude,tz1ZgXKTQXSdMyhZn7bmatJ74wbkFJkGLKLM
Oteku,tz1U7CSo7hYJCrawi7N4TAaCDf6rByvEbfcL
QuixoticRevival,tz1KgAAEtEKmJmyKfHKyHvzCEmzxJywpzXi7
RichAyotte,tz1TRQYpPJ5txhCDMBtk4sNrFgmY7yzkYyBJ
RmnCongretel,tz1RDnvCh2E4BKVzS5fmMkxRuP4MdJPQYpqy
Rossa774,tz1hT7a5fTYMxPMtZvMjjddipLniWRa8yUUz
sanket_nighot,tz1aNohs2koYEdNsVadwcgoJEoMYHTB4EAAV
sansfomo,tz1SnGy7GVWsVCjjuhczSM8Kg44NkmNb62jy
SChennupalle,tz1ikjXRcHPhWoFxunje6mQMpXqsyaSBCp1w
scunitez,tz1QikkzeymfXjCzXJ9uHf4nCBa27z8BhKZA
siftcroix,tz1gKwA43qgJVqTNvYa1z65cMf7bTqMG6kvV
TezosCaveman,tz1aFG62kwdXeX16L3rSv58Z7LCZYHEYWmtk
TezosTexas,tz1VU6L3NSfz2Dfn5KBt1krHkRn2ss2Tf8eL
The_Half_Soul,tz1X6JmBKNCpDQxtf31ADefVsyveJFkLcGSM
TheWolfOfTezos,tz1cRn7X8JRrUMSsn6ZZTesmYnhcdGT1hot6
TheWolfOfTezos,tz1hqkjNLByjakswikNEzXT1XfP4CXztTKci
TheWolfOfTezos,tz1Nim4X8n1uM2C6MXQj16orpg6By22oEdhW
webidente,tz1ewyBMGEmkk4gwUU2SHtq8sWdpRifAR3Mi
yurug,tz1Q4Ckkw52wnpcpvB3G2yq33TwNYREBXVr5
